Jade Brickman,PrinceM54331835,I want you... 😻😻😻 https://t.co/s2XjkqyPES,28,590,False,3037,0.03,False
Norma Hamphrey,sa70495927,Cosplay master/Travel. Come to me https://t.co/51CkUlM2pa,43,594,False,3186,0.05,False
คิระ,lnwvip1234,,44,3337,False,2905,5.34,False
DM For Promo 🎶,WSHHPROMOS,( Formerly @WhoBodiedWho same owner) Posting the hottest music videos and songs out 👀 Message to get your content featured | Follow @HotNewVisuals,76326,46521,False,2428,0.03,False
cathy,LiveLoveNiall,nothing special,31227,39421,False,4000,11.63,False
Margaux💮,xUaGrAmCz,,17,305,False,1554,0.0,False
Eileen Searcy,eileen62searcy,,1,334,False,1863,0.08,True
Bear,ImmaHukaGirl,Imma Huka Kinda Girl ;),7,1538,False,3474,0.01,False
Ashley,ashleyml09,Student-Mom-Wife. I don’t do well with stupid people. #Resist,177,619,False,4305,0.51,False
@Follow123Go ™ #MGWV #follow123Go #F4F #ツᎷᎶᏔѴツ #R,Follow123Go,═☆M☆G☆W☆V☆═\nOnley if you are follow back\n❤Olá ❤안녕하세요. ❤Hello ❤¡Hola❤مرحبا ❤नमस्ते.\n◽@follow123go ™ #MGWV\n\nN🚫PORN \n@abo2nouran,20902,20978,False,1709,3.51,False
Stay Blazin 🔥,THCVibes420,If you don't smoke weed, I have no idea what the hell you're doing with your life. Exclusivesocial@gmail.com,255996,219867,False,2483,5.09,False
Firdaus,flokhandwala131,,5,846,False,2135,0.04,True
Julissa Rodriguez,Julissa90210,Aspiring model on the cusp of success,8,1252,False,2021,0.08,False
Ashley Card,acard9,basketball is amazing,12,570,False,4184,0.01,False
Katie Randall,Stinkypiglet1,Prefers animals to humans Hates all animal cruelty & torture. Keeper of bees.,753,917,False,3797,0.69,False
DONTAE' IVORY ﺪﻬﻓ ❂🔺️.,DontaeIvory,i Am Dontae' Ivory @Apple Ecclesiastes 4:5 ✊🏾🌍 Entertainment Business ▲ #DTLA. DontaeIvory@Gmail.com ✉ i Am From California #Puma @Instagram @DonTaeIVory🐱🔱,293940,14416,False,4368,2.39,False
Kent Moran,KentMoran,Actor/Director IG:https://t.co/eayRkqQAVd FB:https://t.co/dj095huXqU Spotify:https://t.co/KINuSCHXtS Join:https://t.co/Kh0Zdf03Hb UTube:https://t.co/fHM2okHXjI,507703,19680,True,4013,0.66,False
vinay jhanwar,bajrio,,69,1008,False,4231,0.02,False
Feyzullah Doğru,feyzullahdogru,Gazeteci, Journalist\n\nhttps://t.co/TrGdqpkYOo,358284,302678,True,3497,1.12,False
Helen Leighton,hwlondon1,PR Director at Starwood Hotels & Resorts. Hotel obsessive, can't live without sun, snow, good food and great wine! All views my own.,825,1605,False,3867,0.23,False
books2delight,books2delight,🔆 READERS: Great books listed every day 🔆 AUTHORS: Visit our website for A1 book promotion to our network of 1.5 MILLION followers. #TYB,308119,227859,False,2488,19.21,False
The MSP Network,themspnetwork,Transforming lives through #crowdfunding, #digitalcurrency, and #ecommerce. Get the one plan creating new #cryptocurrency and #digitaleconomy millionaires.,58101,8803,False,2078,1.82,False
Victoria Blare,FrantiekBedn1,Cosplay fan \ MARVEL fan. Check out https://t.co/5JcPafPOri,39,740,False,2942,0.04,False
Sports Bet Winners,sportsbetwinnr3,Profited money in 47 of the last 52 weeks💰💵 $150 a week. $400 a month. Snapchat @parlaykingg 👑 Instagram @parlaykinggg_ 👑 Text me to sign up (727)465-4625💰,814,4976,False,1575,0.13,False
⚽️Dennis Denny  Bleu Rickman⚽️,DennyRickman12,@sharonmx190 @mitchelllouisex @amybarlowx32 @bobbybealex31  @aidenbraxtonx1 @william54432595 @dennisrickman_1 @amymitchellx49 @SharonXMitchell @SkyeeBraxton,3265,1070,False,1971,2.09,False
Yorkie,Darren00964175,,8,728,False,2731,0.01,True
Lilly,Lilly0400,Just a fun loving girl who enjoys the finer things in life and having a good time. Loves a good looking man!!,8884,5145,False,1591,5.0,False
Natsu IDragneel,NatsuIDragneel9,,1,339,False,1799,0.06,True
fiona gardiner,fGgardiner,,8,635,False,2822,0.01,True
Caitlin,Pug_Warlord,,11,855,False,2925,0.02,False
Matt Heinz,HeinzMarketing,B2B demand generation, pipeline management, sales enablement, content strategy, marketing technology, driving revenue results. Book Matt to speak @ link below.,117995,96032,False,5500,5.11,False
The Johnson Magic,TheJohnsonMagic,,42813,36992,False,2374,0.06,False
The Katie Lester Hauntings🐺👻,ItsKatieLester,Cheerleader to the dead poets society may it rest in peace #LGBTQ #Earper #ComicNerd #Activist #FurFreeBritain #CatLover #AlphaWolf #PainSufferer #T2 #RoseArmy,368925,88397,False,3652,51.16,False
Jennifer Fidler,lovepdxllfe,Portland area real-estate agent and lifestyle blogger.,97,4958,False,2909,0.5,False
¶يـﮯمِـآُنيـﮯ مِـطٌـنؤخٌہ¶\u2066🇾🇪\u2069¶,abooaa1229,\u200f\u200f\u200f\u200f\u200f\u200f\u200f\u200f\u200f\u200f\u200f\u200f\u200f\u200f\u200f\u200f\u200f\u200f\u200f\u200f\u200f\u200f\u200f\u200f\u200f•(-¶ !\u200fيـﮯبّقَـى آلَآصِـلَ فُيـﮯنـيـﮯ وُرآثًـهِہ\u200f\u200f )\n\n¶\u200fمِـثًلَ آلَشّـمِـوُخٌ آلَلَيـﮯ مِـن آلَغّيـﮯمِـ\u200f\u200fهِہُ\u200f\u200fُُ قَريب¶,6172,5498,False,2533,1.03,False
Scott Isbell,scottisbell_,Scott Isbell - Boston - Wu-Tang Mgmt's 1st pop blue-eyed soul musician, actor, eating disorder advocate Subscribe - https://t.co/g3Nhpqmlsf,1301178,398859,True,4615,12.99,False
danonka23,danonka23,,15,704,False,2648,0.02,False
Barbara Hardman,gissellew213,Ordinary lady. Cosplayer // Beauty. Come to me https://t.co/93gYpYnMVg,18,403,False,2572,0.03,False
jackie v.,jackie_419,,9,2662,False,3980,0.01,True
Q Brisa Maluco,FatosBrisados,“Antes de falar, ouça. Antes de agir, pense. Antes de criticar, conheça. E antes de desistir, tente”,594385,168141,False,4319,0.85,False
الأصيلة,Q6__Q,\u200fالحساب للبيع\nAccount  for sale,472389,374563,False,2980,37.01,False
Marissa hermosilla,ArlelLuvv,Be who you are because everyone else is already taken ❤,51,0,False,2912,0.51,False
RTtheBEST,RTtheBEST,Get noticed & increase engagement! #Videos #Photos #Music #Sports #Tech #Pets #Art & more! #BEST #Social Business Inquiries Only: MailforRT@gmail.com,447078,373231,False,4471,36.71,False
Ethan Graham,etgraham66,,3,651,False,3423,0.0,True
CLOUTBRUH,clout_bruh,Your best new hip hop and rap music source. Sharing the latest and hottest tracks daily!,583,4801,False,1595,0.04,False
mLouca,mikelouca,Entrepreneur. Social Media Guru, Bitcoin Enthusiast.  FOLLOW MY LEAD. Current portfolio 100% #ZCL until further notice!!,26924,26548,False,2525,0.21,False
Parkash Brar,ParkashBrar1,Nice,1619,3225,False,1959,0.39,False
Abner Ignatius,AbnerJosh,,56,696,False,4318,0.04,False
Ethel Raleigh,7raphaelyoutube,See my private videos here 🔞💬🎶😍 https://t.co/RApLPTzW1q,7,1188,False,1703,0.02,False
kitkat,kitkatkitt3,i have a beautiful daughter that i love with all my heart. I am engaged to a wonderful man and can't wait to spend my life with him.,58,0,False,2929,0.54,False
Anthony Scaramucci,Scaramucci,“Be content with what you have; rejoice in the way things are. When you realize there is nothing lacking, the whole world belongs to you.” — Lao Tzu,858870,291987,True,4766,3.55,False
young savage YSG,treyTheyoungsta,,55,855,False,3949,0.04,False
Steffany goncalves,Steffanygoncal3,,16,1763,False,2396,0.01,False
CEVDET KAVLAK,CEVDETKAVLAK,Journalist  Editors / Social Media Expert  The  Only Official Twitter Account #CryptoTrader #BTC #Blockchain #XRP #ETH #TRX #ADA #XLM #STR #SC #WTC #EDO #ELF,946868,583681,True,3408,1.48,False
Producer 9-0 Buy a VW!,nine_oh,CEO K.L.M. ENTERPRISES LLC CALL ME ☛#8186499660 ALLAH AKBAR #Bogardthat #CowboysNation #Twittergoons🎤 #VolkswagenBeliever Chevy Suxs!,1068577,1035020,False,4555,339.77,False
itunesbest56,itunesbest56,,82,3792,False,1590,1.45,False
Boulem,Ketljones,From tx,60,0,False,3571,0.38,False
DaBearded Crypt0,SupraMan1989,#cryptocurrency trader/investor\n\nlongs: $POE $TRX $SUB\n\nhttps://t.co/QtYnTU53OV\n\nTrade on #binance: https://t.co/LLXpzHEXlJ,4286,3902,False,3804,0.29,False
Erik Mackenzie,erikmackenzie,#KingdomofAssassins & #Manga Author. Can u find the #Novel's secret? Follow & RTs ≠ Endorse- I support @EFF.ORG,16829,13216,False,2638,7.86,False
Andrbit,Andr10xa,#Airdop #Bounty #FreeTokens #Follow #Followback #Bitcointalk #Bitcoin #Cryptocurrency #ICO #Blockchain #BTC #ETH #Invesment,2637,2923,False,3876,0.01,False
Srishti Mishra,nice2887,,9,893,False,2918,0.01,True
Ata Benli,atabenli,Gazeteci - Journalist - Yazar - Magazin @MedyaEge | Music Producer #BaktınArdına YAYINDA ▶️ https://t.co/tpAs9uihAC Basın Danışmanı PR @selmasenturk #USMED,538124,461540,True,3980,4.8,False
Aaron,HungUpOnABitch,Liverpool fc ny knicks & heat nation *  #InkMyWholeBody instagram-,127043,124471,False,4012,5.85,False
Rob (Robert) Keating,RobKeating,Political and Sports Photographer for https://t.co/L30bMv2Gwa and https://t.co/mfe7sjknFg I also love taking photos of nature and travel.,4715,4091,False,4848,3.78,False
margaret  stuart md,marstu67,Level I Trauma ABEM #FBR #TheResistance #Dem Justice. Equality for all.  Gun law & Medical Reform #ACA #ClimateChange DoctorsForAmerica #ImWithHer,95351,56939,False,3473,19.38,False
Demi and Selena,DelenaShow,The Official Selena Gomez and Demi Lovato video shows.,32,1615,False,4160,0.04,False
Chico Mills,Chico_Mills,Child Of God | Fitness Model | Proud Father Of @Nevaeh_Nalani | Founder of @PitStopRecords @Gopit_Search @DoshAppMoney @ps_antibullying & @dstormproperty,600464,284233,False,3532,2.64,False
Margie Jenkin,optimisticmom12,,5,582,False,3553,0.01,False
Hutch,Andrewhutch182,I say more dumb things before 9 a.m. than most people say all day,99,1275,False,4191,0.38,False
Antonio Serrano,aserrano1001,CEO @spartanhack_. CFO @sinfaltas_com. Lawyer. PhD. #Marketing at @aulacm. 🚀#Entrepreneurship #startups #education #technology #law #fintech,141854,21638,False,2100,3.89,False
🥇#1FIRST💦,1F_sts,⭐️ #FOLLOWHELP🥇#1FIRST💦#FOUNDER 👑✨Join a Real #TWITTERFAM 👨\u200d👩\u200d👧\u200d👦 ADD 🥇#1FIRST💦 TO UR BIO ✨🔗http://FIRSTBLOG. site✨👯\u200d♀️💁🏼\u200d♀️☀️🌊\U0001f9dc🏻\u200d♀️ 🏍💨🚫noDM,69191,92197,False,1973,3.06,False
Fat Skinny Girl ,FatSkinnyGrl,if you won't say it, i will,9,890,False,3144,0.01,False
Jesús Sanz  ッ ✒ ™,iPragmatico,Infectado de Twitter, enfermedad de transmisión textual. Es un honor contribuir a tu síndrome del túnel carpiano. Y me gusta el maldito Rock.Y ella @_zombieTWD♡,1152974,1247246,False,3883,2.57,False
Maurice Freedman,mauricefreedman,Self loathing sarcastic capitalist. travelsforwork on Instagram. Airplane. Hotel. Repeat.,127667,7475,False,4903,1.91,False
lovemelody 95,lovemelody95,nothing to say ...but i just wanna try out this thing hope i will find many friend,18,2541,False,3702,0.02,False
anson chow,anson6453,,8,943,False,3001,0.01,False
Vinod Agrawal,Chandra1Vinod,Retd. Director(HR) Nuclear Power Corp. Outstanding Scientist. Consultant  Projects 🍀 Love Nation  🌹INDIA 🌷Instagram chandra24vinod 🌷https://t.co/jijqDbYuOp,63101,14473,False,2723,69.82,False
Kiss Adam,KissKissadam,,10,745,False,3111,0.01,True
Robbert Schuringa,GewoonRobbert,Robbert met dubbel B. Doet voornamelijk dingetjes in de media en is een fulltime levensgenieter  ❤,105137,82365,False,3739,3.26,False
Alexandra Fans Worldwide,AlexandraFansWW,In 2018 Alexandra will release her 3rd long awaited studio album and embark on a solo tour. Follow us for all the latest in news, appearances and gigs.,693,934,False,1684,0.33,False
Drake,johnbanuelos253,,245,3772,False,1611,0.0,False
Angela Reid,nadezhdalaular,Hi;) My login is Grace7 on https://t.co/Stkt1IQol9,13,852,False,2143,0.0,False
김대표,hsj6104,,5,1617,False,3985,0.0,True
Tamarack Agency,TamarackAgency,Digital. Print. Experiences.,10413,7989,False,2671,0.27,False
UniversalMoodsPoetry,UnlversalMoodsP,Touching One Heart At A Time...,85,0,False,2909,0.53,False
Nancy Morgan,AnickaKrejci,Hello: My login is Viola13 on https://t.co/T2ulgunueh,24,611,False,4300,0.0,False
reiniere,reiniere2015,,36,443,False,2601,0.01,False
juan esteban vergara,estebansonxd,,3,713,False,3363,0.01,True
pamela richard,PamelaRlchard,,53,3162,False,2911,0.49,False
Fitczdzherald Helen,trish_gogetter,Неllо =)Cute, wаnna mе tо lоve? I learn herе https://t.co/SKOiM9bZdw,9,829,False,2874,0.05,False
하이컨셉,Haeundo,김도경 : 3D 컴퓨터그래픽 디자이너 / 입체 디지털콘텐츠 전문가 / 아주 특별한 프레젠테이션 저자 / ◈http://t.co/uQdsWoj0 ◈http://t.co/dP8eRto6 ◈http://t.co/QzqU5Ttc ◈지혜를 실천한다.,156390,172739,False,4269,3.52,False
🌟 Man,QOTMAN,asıl hesap: @mutsuzlukduragi 🤣😇,17086,18191,False,1873,24.72,False
Catherine Oswald,TonyA4208,no freedom 'til we're equal, damn right I support it    -Macklemore,48,483,False,4454,0.06,False
I'amSoftware,iamsoftware_inc,We are retiring I'amSoftware as we will stop developement for I'amOS 2.0 and others.,28,799,False,3898,0.21,False
حكايه,li__tt,الله أڪبر الله ٲڪبر الله ٲڪبر لا ٳله ٳلا الله ، الله ٲڪبر الله ٲڪبر ولله الحمـد,110535,46125,False,2061,52.28,False
Nevaeh Starlee,NevaehStarlee,,1,189,False,3246,0.01,True
A ✨,Bizzle0_2,,1933,1764,False,3388,11.53,False
