{"look": 4151, "way": 8809, "officials": 3933, "family": 4765, "speech": 4039, "americans": 6780, "watch": 6602, "took": 4557, "donald": 17671, "com": 8508, "gop": 4341, "may": 7696, "put": 4421, "york": 4417, "states": 10191, "women": 7396, "attack": 4293, "left": 5669, "want": 7329, "could": 10246, "state": 13463, "information": 4265, "house": 11113, "says": 7102, "old": 4694, "week": 4954, "gun": 4139, "according": 8076, "world": 7428, "president": 27715, "many": 9945, "america": 11185, "investigation": 4117, "presidential": 5744, "school": 4059, "report": 4638, "statement": 4114, "country": 9229, "republicans": 7401, "twitter": 11721, "see": 7468, "washington": 5737, "russian": 4539, "republican": 9325, "court": 5320, "also": 15403, "far": 4054, "time": 13844, "today": 4909, "help": 4357, "first": 10603, "know": 10383, "fact": 6279, "order": 4064, "government": 9202, "bill": 6417, "since": 6359, "something": 5001, "administration": 5769, "via": 12776, "russia": 5970, "called": 6431, "clinton": 19173, "use": 4347, "news": 14620, "democrats": 4532, "reported": 3908, "2016": 6262, "national": 7209, "man": 6618, "things": 4649, "press": 4625, "https": 4510, "co": 4443, "case": 4906, "said": 33763, "would": 23562, "year": 10221, "story": 5866, "got": 4820, "never": 6320, "law": 7565, "war": 4938, "need": 5086, "actually": 4951, "fox": 5396, "cnn": 4731, "u": 9720, "campaign": 11107, "united": 8011, "point": 4058, "yet": 3819, "last": 8227, "fbi": 5802, "2017": 4461, "great": 4301, "saying": 5162, "people": 26570, "another": 6489, "money": 4846, "images": 4415, "much": 7135, "person": 3852, "department": 5583, "real": 3900, "mr": 3940, "2": 4211, "get": 10833, "children": 4052, "policy": 3811, "believe": 4327, "public": 6775, "supporters": 3817, "john": 4001, "without": 3896, "come": 5062, "black": 7731, "nothing": 4271, "let": 4518, "police": 9110, "party": 7950, "two": 9114, "read": 4249, "thing": 4534, "getty": 4141, "place": 3836, "media": 11704, "however": 4331, "muslim": 3941, "us": 14678, "good": 5516, "take": 6845, "went": 4492, "hillary": 14122, "years": 8852, "told": 9122, "like": 18097, "rights": 4007, "featured": 8260, "one": 24531, "federal": 5415, "office": 5742, "asked": 5145, "times": 5344, "think": 8506, "right": 10848, "city": 4431, "go": 6922, "around": 4744, "still": 5868, "security": 5813, "work": 5237, "well": 8447, "white": 13189, "interview": 4095, "pic": 6292, "show": 6143, "ever": 4373, "say": 8680, "000": 5249, "million": 5144, "part": 4966, "post": 4974, "really": 6214, "made": 9118, "three": 4051, "going": 9796, "candidate": 4437, "including": 4503, "matter": 4266, "even": 14011, "political": 7654, "back": 8824, "american": 11319, "image": 9895, "justice": 3932, "group": 5677, "day": 6908, "nation": 4264, "realdonaldtrump": 4372, "video": 8338, "election": 8934, "vote": 5764, "obama": 18797, "every": 6101, "course": 3811, "though": 4060, "woman": 4149, "new": 14394, "used": 4592, "former": 7303, "anti": 4321, "1": 5219, "democratic": 4901, "long": 4636, "make": 9254, "support": 5963, "percent": 4417, "trump": 79300, "life": 4022}