{"vocab": [{"word": "even", "count": 14011}, {"word": "change", "count": 3739}, {"word": "could", "count": 10246}, {"word": "fact", "count": 6279}, {"word": "president", "count": 27715}, {"word": "national", "count": 7209}, {"word": "presidential", "count": 5744}, {"word": "campaign", "count": 11107}, {"word": "every", "count": 6101}, {"word": "including", "count": 4503}, {"word": "like", "count": 18097}, {"word": "show", "count": 6143}, {"word": "money", "count": 4846}, {"word": "asked", "count": 5145}, {"word": "come", "count": 5062}, {"word": "police", "count": 9110}, {"word": "nothing", "count": 4271}, {"word": "told", "count": 9122}, {"word": "another", "count": 6489}, {"word": "american", "count": 11319}, {"word": "candidate", "count": 4437}, {"word": "press", "count": 4625}, {"word": "real", "count": 3900}, {"word": "need", "count": 5086}, {"word": "world", "count": 7428}, {"word": "take", "count": 6845}, {"word": "cnn", "count": 4731}, {"word": "women", "count": 7396}, {"word": "year", "count": 10221}, {"word": "public", "count": 6775}, {"word": "read", "count": 4249}, {"word": "put", "count": 4421}, {"word": "image", "count": 9895}, {"word": "city", "count": 4431}, {"word": "getty", "count": 4141}, {"word": "officials", "count": 3933}, {"word": "watch", "count": 6602}, {"word": "make", "count": 9254}, {"word": "called", "count": 6431}, {"word": "family", "count": 4765}, {"word": "may", "count": 7696}, {"word": "interview", "count": 4095}, {"word": "statement", "count": 4114}, {"word": "well", "count": 8447}, {"word": "united", "count": 8011}, {"word": "policy", "count": 3811}, {"word": "speech", "count": 4039}, {"word": "million", "count": 5144}, {"word": "washington", "count": 5737}, {"word": "featured", "count": 8260}, {"word": "general", "count": 3744}, {"word": "media", "count": 11704}, {"word": "political", "count": 7654}, {"word": "life", "count": 4022}, {"word": "ever", "count": 4373}, {"word": "go", "count": 6922}, {"word": "vote", "count": 5764}, {"word": "see", "count": 7468}, {"word": "2017", "count": 4461}, {"word": "investigation", "count": 4117}, {"word": "children", "count": 4052}, {"word": "law", "count": 7565}, {"word": "still", "count": 5868}, {"word": "years", "count": 8852}, {"word": "said", "count": 33763}, {"word": "states", "count": 10191}, {"word": "use", "count": 4347}, {"word": "yet", "count": 3819}, {"word": "news", "count": 14620}, {"word": "many", "count": 9945}, {"word": "around", "count": 4744}, {"word": "anyone", "count": 3787}, {"word": "let", "count": 4518}, {"word": "thing", "count": 4534}, {"word": "right", "count": 10848}, {"word": "americans", "count": 6780}, {"word": "com", "count": 8508}, {"word": "justice", "count": 3932}, {"word": "party", "count": 7950}, {"word": "way", "count": 8809}, {"word": "war", "count": 4938}, {"word": "believe", "count": 4327}, {"word": "rights", "count": 4007}, {"word": "man", "count": 6618}, {"word": "democrats", "count": 4532}, {"word": "election", "count": 8934}, {"word": "pic", "count": 6292}, {"word": "something", "count": 5001}, {"word": "good", "count": 5516}, {"word": "via", "count": 12776}, {"word": "point", "count": 4058}, {"word": "anti", "count": 4321}, {"word": "went", "count": 4492}, {"word": "since", "count": 6359}, {"word": "us", "count": 14678}, {"word": "think", "count": 8506}, {"word": "department", "count": 5583}, {"word": "former", "count": 7303}, {"word": "saying", "count": 5162}, {"word": "back", "count": 8824}, {"word": "office", "count": 5742}, {"word": "mr", "count": 3940}, {"word": "house", "count": 11113}, {"word": "know", "count": 10383}, {"word": "left", "count": 5669}, {"word": "republican", "count": 9325}, {"word": "things", "count": 4649}, {"word": "also", "count": 15403}, {"word": "story", "count": 5866}, {"word": "however", "count": 4331}, {"word": "support", "count": 5963}, {"word": "one", "count": 24531}, {"word": "times", "count": 5344}, {"word": "school", "count": 4059}, {"word": "look", "count": 4151}, {"word": "according", "count": 8076}, {"word": "2016", "count": 6262}, {"word": "day", "count": 6908}, {"word": "order", "count": 4064}, {"word": "russia", "count": 5970}, {"word": "last", "count": 8227}, {"word": "supporters", "count": 3817}, {"word": "woman", "count": 4149}, {"word": "made", "count": 9118}, {"word": "want", "count": 7329}, {"word": "really", "count": 6214}, {"word": "got", "count": 4820}, {"word": "get", "count": 10833}, {"word": "long", "count": 4636}, {"word": "week", "count": 4954}, {"word": "night", "count": 3719}, {"word": "say", "count": 8680}, {"word": "military", "count": 3769}, {"word": "far", "count": 4054}, {"word": "never", "count": 6320}, {"word": "co", "count": 4443}, {"word": "report", "count": 4638}, {"word": "today", "count": 4909}, {"word": "intelligence", "count": 3684}, {"word": "three", "count": 4051}, {"word": "fox", "count": 5396}, {"word": "took", "count": 4557}, {"word": "bill", "count": 6417}, {"word": "already", "count": 3793}, {"word": "people", "count": 26570}, {"word": "state", "count": 13463}, {"word": "says", "count": 7102}, {"word": "video", "count": 8338}, {"word": "fbi", "count": 5802}, {"word": "old", "count": 4694}, {"word": "congress", "count": 3737}, {"word": "russian", "count": 4539}, {"word": "nation", "count": 4264}, {"word": "court", "count": 5320}, {"word": "part", "count": 4966}, {"word": "security", "count": 5813}, {"word": "country", "count": 9229}, {"word": "actually", "count": 4951}, {"word": "new", "count": 14394}, {"word": "case", "count": 4906}, {"word": "twitter", "count": 11721}, {"word": "administration", "count": 5769}, {"word": "gop", "count": 4341}, {"word": "gun", "count": 4139}, {"word": "black", "count": 7731}, {"word": "america", "count": 11185}, {"word": "reported", "count": 3908}, {"word": "course", "count": 3811}, {"word": "muslim", "count": 3941}, {"word": "though", "count": 4060}, {"word": "place", "count": 3836}, {"word": "person", "count": 3852}, {"word": "york", "count": 4417}, {"word": "information", "count": 4265}, {"word": "two", "count": 9114}, {"word": "matter", "count": 4266}, {"word": "going", "count": 9796}, {"word": "post", "count": 4974}, {"word": "images", "count": 4415}, {"word": "percent", "count": 4417}, {"word": "first", "count": 10603}, {"word": "federal", "count": 5415}, {"word": "republicans", "count": 7401}, {"word": "democratic", "count": 4901}, {"word": "help", "count": 4357}, {"word": "attack", "count": 4293}, {"word": "government", "count": 9202}, {"word": "time", "count": 13844}, {"word": "great", "count": 4301}, {"word": "without", "count": 3896}, {"word": "john", "count": 4001}, {"word": "u", "count": 9720}, {"word": "white", "count": 13189}, {"word": "would", "count": 23562}, {"word": "sanders", "count": 3704}, {"word": "secretary", "count": 3729}, {"word": "used", "count": 4592}, {"word": "much", "count": 7135}, {"word": "work", "count": 5237}, {"word": "group", "count": 5677}]}